{"train_loss": [0.8270570142677852, 0.32157975927761623, 0.22017513013567244, 0.17588646379709244, 0.15130978261402675, 0.13422717432124273, 0.12468680778060641, 0.11443325548342297, 0.10479908217872892, 0.09994127964803151, 0.0944945210814476, 0.08824981643812997, 0.08448938529406275, 0.08117814491093159, 0.07787461212873459, 0.07404063590254102, 0.07315755070192473, 0.06920363623925618, 0.06700432276214872, 0.06550569407088416], "val_loss": [0.44945514074961346, 0.27300709884961444, 0.20999921316305797, 0.1753713488896688, 0.15522417827447255, 0.1372316597064336, 0.1267528578599294, 0.11697089764674505, 0.10945402581691742, 0.10432540661493937, 0.09705976482232412, 0.09243133705457052, 0.08939130175511042, 0.08484529822270076, 0.08192235227028528, 0.0808609809577465, 0.07695819628834724, 0.07391262844999631, 0.0721669857164224, 0.07144948019981384], "train_acc": [0.8052571428571429, 0.9428, 0.9526285714285714, 0.9572571428571428, 0.96, 0.9625714285714285, 0.9647428571428571, 0.9662285714285714, 0.9682857142857143, 0.9698285714285714, 0.9709714285714286, 0.9730857142857142, 0.9732, 0.9737142857142856, 0.9749714285714286, 0.9761714285714286, 0.9758857142857142, 0.9774857142857143, 0.9783428571428571, 0.9782285714285714], "val_acc": [0.9285333333333334, 0.9458666666666667, 0.9493333333333334, 0.9536, 0.9552, 0.9608000000000001, 0.9640000000000001, 0.9653333333333334, 0.9661333333333334, 0.9645333333333334, 0.9704, 0.9709333333333334, 0.9709333333333334, 0.9720000000000001, 0.9717333333333333, 0.9714666666666667, 0.9722666666666667, 0.9752000000000001, 0.9741333333333334, 0.9744]}