{"train_loss": [0.6764078515870231, 0.2886019328083311, 0.2144297900881086, 0.18820118458271026, 0.16200166398627416, 0.15547884795665742, 0.14590228707620076, 0.13502764578887394, 0.1285621798123632, 0.12283763520887919, 0.11957899951253619, 0.1159587185059275, 0.11272771751880646, 0.1067739239360605, 0.10216915484496525, 0.10382249508585249, 0.1060696215731757, 0.10031252297461032, 0.09532375706945147, 0.09708353102377483], "val_loss": [0.3315484714349111, 0.23753657931486766, 0.18753711183071137, 0.16184327003955842, 0.14755998049577077, 0.12811206301848094, 0.12274855512777964, 0.12294084270795186, 0.1206265347480774, 0.10580538171927134, 0.10898700994650523, 0.09557245520353318, 0.09670593115488688, 0.09766296262343725, 0.09710921841065089, 0.09629951305786769, 0.08629553623994192, 0.08892666282256444, 0.0852316817800204, 0.08436712840398153], "train_acc": [0.8653142857142857, 0.9374285714285714, 0.9457142857142857, 0.9468571428571428, 0.9531428571428571, 0.9515428571428571, 0.9558285714285714, 0.9565714285714285, 0.9592571428571428, 0.9606857142857143, 0.9588571428571429, 0.9617714285714285, 0.9611999999999999, 0.9636571428571429, 0.9670857142857142, 0.9648571428571429, 0.9624571428571428, 0.9646857142857143, 0.9668, 0.9667428571428571], "val_acc": [0.9341333333333334, 0.9354666666666667, 0.9413333333333334, 0.9490666666666667, 0.9536, 0.9565333333333333, 0.9594666666666667, 0.9565333333333333, 0.9584, 0.9605333333333334, 0.9592, 0.9640000000000001, 0.9637333333333333, 0.9637333333333333, 0.9632000000000001, 0.9640000000000001, 0.9674666666666667, 0.9672000000000001, 0.9674666666666667, 0.9680000000000001]}