{"train_loss": [0.8391810547760554, 0.32675653475693295, 0.22405310380799429, 0.17949401678017207, 0.15353345600025994, 0.13564222907338824, 0.12384580948097365, 0.11438401913642883, 0.106784544975417, 0.09901336106743132, 0.09441474293470382, 0.08852212159974235, 0.0839758339030402, 0.07869426558017731, 0.07772916451351983, 0.07369380959272384, 0.07235317738907678, 0.07002234655831541, 0.06695779174906867, 0.06535192383187158], "val_loss": [0.4606268097877502, 0.2830762903849284, 0.21450576884746553, 0.18162568531036377, 0.15651177032788594, 0.14099763500293097, 0.12838995554447175, 0.11813621137539546, 0.11265998825629552, 0.10431316636403401, 0.10165854847828547, 0.09555924209356308, 0.09262080456813176, 0.08632335924307505, 0.08517241268555323, 0.07925148015022278, 0.07615342999299367, 0.07574235362609227, 0.07412529747883478, 0.06989323837359747], "train_acc": [0.8118285714285715, 0.9397142857142857, 0.9499428571428571, 0.9579428571428571, 0.9594285714285714, 0.9614857142857143, 0.9639428571428571, 0.9669142857142857, 0.9679428571428571, 0.9709714285714286, 0.9712, 0.9733714285714286, 0.9735428571428572, 0.9761142857142857, 0.9754285714285714, 0.9769714285714286, 0.9768571428571429, 0.9778857142857142, 0.9789142857142857, 0.9789714285714286], "val_acc": [0.9197333333333334, 0.9362666666666667, 0.9488000000000001, 0.9520000000000001, 0.9570666666666667, 0.9586666666666667, 0.9626666666666667, 0.9637333333333333, 0.9640000000000001, 0.9672000000000001, 0.9653333333333334, 0.9674666666666667, 0.9661333333333334, 0.9714666666666667, 0.9693333333333334, 0.9738666666666667, 0.9752000000000001, 0.9730666666666667, 0.9736, 0.9754666666666667]}